발생년,발생년월일시,주야,요일,사망자수,사상자수,중상자수,경상자수,부상신고자수,발생지시도,발생지시군구,사고유형_대분류,사고유형_중분류,사고유형,법규위반,도로형태_대분류,도로형태,가해자_당사자종별,피해자_당사자종별,발생위치X_UTMK,발생위치Y_UTMK,경도,위도
2016,20160424,주간,일,1,2,1,0,0,서울,은평구,차량단독,공작물충돌,공작물충돌,안전운전 의무 불이행,교차로,교차로내,경형,,949366,1956026,126.9263722,37.60225931
2016,20160429,야간,금,1,2,0,1,0,서울,성북구,차대사람,횡단중,횡단중,중앙선 침범,교차로,교차로내,중형,보행자,958774,1954759,127.0330223,37.59130946
2016,20160423,주간,토,1,3,0,1,1,서울,송파구,차대차,정면충돌,정면충돌,과속,교차로,교차로내,중형,중형,965200,1943788,127.1063298,37.49268911
2016,20160506,주간,금,1,1,0,0,0,서울,강동구,차량단독,공작물충돌,공작물충돌,안전운전 의무 불이행,단일로,기타단일로,소형,,969409,1952130,127.15359509999999,37.56802841
2016,20160510,야간,화,1,1,0,0,0,서울,성북구,차량단독,전도전복,전도전복,안전운전 의무 불이행,단일로,기타단일로,원동기장치자전거,,957483,1956015,127.0183263,37.60257128
2016,20160514,야간,토,1,1,0,0,0,서울,도봉구,차대사람,기타,기타,안전운전 의무 불이행,단일로,기타단일로,자전거,보행자,960337,1964447,127.0502002,37.67869788
2016,20160601,야간,수,1,2,0,0,1,서울,마포구,차대차,측면직각충돌,측면직각충돌,신호위반,교차로,교차로내,소형,중형,948615,1950523,126.91825060000001,37.55261866
2016,20160515,주간,일,2,3,1,0,0,서울,성북구,차대차,측면직각충돌,측면직각충돌,안전운전 의무 불이행,단일로,기타단일로,소형,중형,959728,1957766,127.04366259999999,37.61845447
2016,20160621,야간,화,1,2,1,0,0,서울,관악구,차대차,정면충돌,정면충돌,중앙선 침범,단일로,기타단일로,소형,소형,948784,1943555,126.9206496,37.48982429
2016,20160817,주간,수,1,2,1,0,0,서울,금천구,차대차,측면직각충돌,측면직각충돌,안전운전 의무 불이행,교차로,교차로내,소형,대형,947183,1940767,126.9027402,37.46460526
2016,20160817,야간,수,1,1,0,0,0,서울,강서구,차대사람,횡단중,횡단중,안전운전 의무 불이행,교차로,교차로부근,경형,보행자,942520,1951190,126.8491983,37.5582702
2016,20160909,주간,금,1,6,1,2,2,서울,중구,차대사람,기타,기타,안전운전 의무 불이행,단일로,기타단일로,소형,보행자,954510,1951786,126.98490919999999,37.5643123
2016,20160728,주간,목,1,1,0,0,0,서울,노원구,차량단독,전도전복,전도전복,안전운전 의무 불이행,단일로,터널안,중형,,963562,1964087,127.0867905,37.67558696
2016,20160804,야간,목,1,2,1,0,0,서울,성동구,차량단독,전도전복,전도전복,안전운전 의무 불이행,단일로,기타단일로,대형,,959685,1948851,127.04366609999998,37.53809937
2016,20160504,주간,수,1,1,0,0,0,서울,동작구,차대차,측면직각충돌,측면직각충돌,안전운전 의무 불이행,교차로,교차로내,중형,중형,948955,1944670,126.9225065,37.49988349
2016,20160511,주간,수,1,3,0,2,0,서울,서대문구,차대사람,차도통행중,차도통행중,안전운전 의무 불이행,단일로,기타단일로,중형,보행자,950118,1953537,126.93506070000001,37.57986683
2016,20160527,야간,금,1,1,0,0,0,서울,성북구,차대사람,횡단중,횡단중,안전운전 의무 불이행,교차로,교차로부근,소형,보행자,958835,1955813,127.0336539,37.60081213
2016,20160522,야간,일,1,1,0,0,0,서울,은평구,차량단독,공작물충돌,공작물충돌,안전운전 의무 불이행,단일로,기타단일로,원동기장치자전거,,946131,1954100,126.88986670000001,37.58471643
2016,20160521,야간,토,1,1,0,0,0,서울,강북구,차량단독,전도전복,전도전복,안전운전 의무 불이행,단일로,기타단일로,소형,,959336,1959305,127.03913519999999,37.6323085
2016,20160529,주간,일,1,1,0,0,0,서울,관악구,차대사람,차도통행중,차도통행중,기타(운전자법규위반),교차로,교차로부근,대형,보행자,948757,1941794,126.9204668,37.47395049
2016,20160513,주간,금,1,1,0,0,0,서울,노원구,차대차,추돌,진행중 추돌,안전운전 의무 불이행,교차로,교차로부근,중형,자전거,962164,1962902,127.070999,37.66484976
2016,20160603,야간,금,1,1,0,0,0,서울,강남구,차대차,측면직각충돌,측면직각충돌,신호위반,교차로,교차로부근,중형,중형,960852,1946825,127.05698319999999,37.51988863
2016,20160723,야간,토,1,1,0,0,0,서울,강동구,차량단독,전도전복,전도전복,중앙선 침범,단일로,기타단일로,대형,,970437,1950608,127.16529720000001,37.55434357
2016,20160729,야간,금,1,1,0,0,0,서울,강동구,차대사람,차도통행중,차도통행중,안전운전 의무 불이행,교차로,교차로내,경형,보행자,967788,1950420,127.1353148,37.55256023
2016,20160803,주간,수,1,1,0,0,0,서울,양천구,차대사람,횡단중,횡단중,안전운전 의무 불이행,단일로,기타단일로,중형,보행자,941394,1947232,126.8367663,37.52252579
2016,20161209,야간,금,1,1,0,0,0,서울,중구,차대사람,횡단중,횡단중,안전운전 의무 불이행,단일로,횡단보도부근,중형,보행자,955424,1951473,126.99527720000002,37.56153586
2016,20161205,야간,월,1,1,0,0,0,서울,노원구,차대차,측면직각충돌,측면직각충돌,중앙선 침범,교차로,교차로내,소형,소형,963364,1958273,127.0848371,37.62317632
2016,20160523,야간,월,1,1,0,0,0,서울,마포구,차대사람,횡단중,횡단중,안전운전 의무 불이행,단일로,기타단일로,중형,보행자,951670,1951006,126.9528041,37.55713736
2016,20160526,주간,목,1,1,0,0,0,서울,강북구,차대사람,횡단중,횡단중,안전운전 의무 불이행,단일로,기타단일로,원동기장치자전거,보행자,960006,1958739,127.0467594,37.62723645
2016,20160603,야간,금,1,1,0,0,0,서울,성동구,차대사람,길가장자리구역통행중,길가장자리구역통행중,안전운전 의무 불이행,교차로,교차로내,중형,보행자,959771,1950158,127.04456780000001,37.54988353
2016,20160511,주간,수,1,1,0,0,0,서울,서대문구,차대차,측면직각충돌,측면직각충돌,안전운전 의무 불이행,단일로,기타단일로,대형,자전거,950194,1954345,126.9358665,37.58715353
2016,20160704,야간,월,1,1,0,0,0,서울,서초구,차대사람,기타,기타,안전운전 의무 불이행,단일로,기타단일로,중형,보행자,958634,1942891,127.0321054,37.48433325
2016,20160718,야간,월,1,2,0,0,1,서울,강서구,차대차,측면직각충돌,측면직각충돌,신호위반,교차로,교차로내,원동기장치자전거,소형,940549,1951366,126.8267626,37.55976771
2016,20160731,야간,일,1,2,1,0,0,서울,서초구,차량단독,공작물충돌,공작물충돌,과속,기타/불명,기타/불명,중형,,954776,1940414,126.98862079999999,37.46182631
2016,20160828,야간,일,1,1,0,0,0,서울,성북구,차량단독,공작물충돌,공작물충돌,안전운전 의무 불이행,단일로,기타단일로,경형,,955749,1956717,126.9987263,37.60879725
2016,20160826,야간,금,1,1,0,0,0,서울,도봉구,차대사람,횡단중,횡단중,과속,단일로,횡단보도상,중형,보행자,958653,1961382,127.0312771,37.65099832
2016,20161124,주간,목,1,1,0,0,0,서울,영등포구,차대차,측면직각충돌,측면직각충돌,안전운전 의무 불이행,교차로,교차로부근,건설기계,자전거,947627,1947490,126.90728200000001,37.52522622
2016,20161102,주간,수,1,2,0,1,0,서울,동작구,차대차,추돌,진행중 추돌,안전운전 의무 불이행,교차로,교차로부근,소형,대형,951271,1944892,126.9486925,37.50200962
2016,20161106,야간,일,1,3,0,2,0,서울,강북구,차대사람,횡단중,횡단중,안전운전 의무 불이행,단일로,기타단일로,중형,보행자,959579,1957635,127.04198149999999,37.6172672
2016,20161112,주간,토,1,1,0,0,0,서울,관악구,차대사람,기타,기타,안전운전 의무 불이행,단일로,기타단일로,대형,보행자,950421,1942176,126.93925929999999,37.47748436
2016,20160612,야간,일,1,1,0,0,0,서울,종로구,차대사람,기타,기타,안전운전 의무 불이행,교차로,교차로부근,중형,보행자,953822,1953045,126.9770398,37.57562566
2016,20160612,주간,일,1,7,2,2,2,서울,영등포구,차대차,측면직각충돌,측면직각충돌,신호위반,단일로,기타단일로,중형,중형,949936,1946922,126.9334511,37.52023497
2016,20160624,야간,금,1,1,0,0,0,서울,광진구,차량단독,전도전복,전도전복,안전운전 의무 불이행,교차로,교차로내,소형,,962909,1952556,127.0799709,37.57162918
2016,20160827,주간,토,1,1,0,0,0,서울,마포구,차대사람,횡단중,횡단중,안전운전 의무 불이행,단일로,기타단일로,경형,보행자,950693,1949809,126.94182340000002,37.54629683
2016,20160722,주간,금,1,1,0,0,0,서울,성북구,차대사람,횡단중,횡단중,보행자 보호의무 위반,교차로,교차로내,중형,보행자,957920,1953577,127.023417,37.58061717
2016,20160724,야간,일,1,1,0,0,0,서울,송파구,차대사람,횡단중,횡단중,신호위반,단일로,기타단일로,대형,보행자,965734,1944576,127.1116094,37.5005286
2016,20160729,야간,금,1,2,0,1,0,서울,마포구,차대사람,기타,기타,안전운전 의무 불이행,교차로,교차로내,대형,보행자,950597,1949306,126.94077050000001,37.54175806
2016,20160811,주간,목,1,1,0,0,0,서울,강북구,차대사람,횡단중,횡단중,보행자 보호의무 위반,교차로,교차로내,중형,보행자,958890,1957165,127.034201,37.61300044
2016,20160822,주간,월,1,2,0,1,0,서울,중구,차대차,추돌,진행중 추돌,안전운전 의무 불이행,단일로,기타단일로,소형,소형,957152,1952363,127.0147902,37.56963967
2016,20160910,야간,토,1,1,0,0,0,서울,강동구,차대사람,횡단중,횡단중,신호위반,단일로,기타단일로,중형,보행자,971128,1951484,127.1730858,37.56226125
2016,20160919,야간,월,1,1,0,0,0,서울,강북구,차량단독,전도전복,전도전복,안전운전 의무 불이행,단일로,기타단일로,원동기장치자전거,,956999,1958382,127.012704,37.62388294
2016,20160719,주간,화,1,1,0,0,0,서울,강동구,차대사람,횡단중,횡단중,보행자 보호의무 위반,교차로,교차로내,건설기계,보행자,970588,1949637,127.1670456,37.54559636
2016,20160729,야간,금,1,1,0,0,0,서울,은평구,차대차,측면직각충돌,측면직각충돌,교차로 통행방법 위반,교차로,교차로내,원동기장치자전거,중형,949248,1955876,126.92504579999999,37.60090084
2016,20160629,주간,수,1,1,0,0,0,서울,송파구,차량단독,전도전복,전도전복,안전운전 의무 불이행,단일로,기타단일로,중형,,965601,1948382,127.11065090000001,37.53411187
2016,20160611,주간,토,1,3,0,2,0,서울,강서구,차대차,기타,기타,안전운전 의무 불이행,지하도로내,지하도로내,중형,중형,938834,1951533,126.8074387,37.56112422
2016,20160622,주간,수,1,1,0,0,0,서울,마포구,차대사람,차도통행중,차도통행중,안전운전 의무 불이행,단일로,기타단일로,소형,보행자,950254,1949923,126.9368462,37.54730073
2016,20160702,야간,토,1,1,0,0,0,서울,성북구,차량단독,공작물충돌,공작물충돌,안전운전 의무 불이행,교차로,교차로부근,소형,,959866,1956241,127.04531000000001,37.60471536
2016,20160708,야간,금,1,1,0,0,0,서울,중랑구,차량단독,공작물충돌,공작물충돌,안전운전 의무 불이행,단일로,기타단일로,소형,,963368,1957914,127.0851449,37.62018495
2016,20160223,야간,화,1,1,0,0,0,서울,도봉구,차대사람,횡단중,횡단중,안전운전 의무 불이행,단일로,기타단일로,소형,보행자,958943,1961090,127.03458090000001,37.6483795
2016,20160222,주간,월,1,1,0,0,0,서울,송파구,차대차,측면직각충돌,측면직각충돌,안전운전 의무 불이행,단일로,기타단일로,원동기장치자전거,건설기계,964699,1946035,127.10055459999998,37.51292329
2016,20160210,주간,수,1,1,0,0,0,서울,양천구,차대사람,차도통행중,차도통행중,안전운전 의무 불이행,단일로,기타단일로,경형,보행자,943666,1947811,126.86243219999999,37.52788594
2016,20160303,야간,목,1,1,0,0,0,서울,성동구,차대사람,기타,기타,안전운전 의무 불이행,교차로,교차로내,대형,보행자,958875,1950660,127.03439640000002,37.55436864
2016,20160217,야간,수,1,1,0,0,0,서울,노원구,차대사람,기타,기타,안전운전 의무 불이행,교차로,교차로내,중형,보행자,962172,1960623,127.07120790000002,37.64430906
2016,20160227,야간,토,1,1,0,0,0,서울,마포구,차대사람,횡단중,횡단중,과속,단일로,횡단보도상,경형,보행자,951976,1950495,126.95630200000001,37.55254763
2016,20160305,야간,토,1,1,0,0,0,서울,강동구,차대차,기타,기타,안전운전 의무 불이행,기타/불명,기타/불명,대형,중형,968277,1951532,127.14080279999999,37.5626001
2016,20160306,야간,일,1,1,0,0,0,서울,강동구,차대사람,횡단중,횡단중,안전운전 의무 불이행,단일로,횡단보도상,중형,보행자,968946,1948631,127.14850049999998,37.53647497
2016,20160213,야간,토,1,1,0,0,0,서울,강서구,차대차,정면충돌,정면충돌,신호위반,교차로,교차로내,경형,소형,941908,1949013,126.8424419,37.53861051
2016,20160302,주간,수,1,1,0,0,0,서울,강서구,차대사람,기타,기타,안전운전 의무 불이행,교차로,교차로내,건설기계,보행자,939636,1950494,126.8166044,37.55181269
2016,20160325,주간,금,1,1,0,0,0,서울,양천구,차대사람,횡단중,횡단중,안전운전 의무 불이행,단일로,기타단일로,중형,보행자,940584,1948701,126.8274814,37.53571405
2016,20160326,야간,토,1,1,0,0,0,서울,용산구,차대사람,횡단중,횡단중,안전운전 의무 불이행,단일로,교량위,중형,보행자,956034,1949553,127.0022989,37.54425976
2016,20160309,주간,수,1,1,0,0,0,서울,강북구,차대사람,횡단중,횡단중,중앙선 침범,단일로,기타단일로,중형,보행자,957486,1958657,127.01820659999998,37.62638422
2016,20160222,야간,월,1,1,0,0,0,서울,구로구,차대사람,횡단중,횡단중,안전운전 의무 불이행,단일로,횡단보도상,중형,보행자,941577,1943689,126.83911880000001,37.49060414
2016,20160217,야간,수,1,1,0,0,0,서울,노원구,차대차,정면충돌,정면충돌,중앙선 침범,단일로,기타단일로,경형,경형,964484,1959005,127.0974932,37.62981799
2016,20160225,야간,목,1,1,0,0,0,서울,도봉구,차대사람,기타,기타,안전운전 의무 불이행,단일로,기타단일로,중형,보행자,959936,1965624,127.0455881,37.68928887
2016,20160310,주간,목,1,1,0,0,0,서울,관악구,차대사람,길가장자리구역통행중,길가장자리구역통행중,안전운전 의무 불이행,교차로,교차로부근,소형,보행자,952012,1942492,126.95723219999999,37.48041658
2016,20160226,야간,금,1,1,0,0,0,서울,금천구,차대사람,기타,기타,안전운전 의무 불이행,단일로,기타단일로,중형,보행자,946082,1942148,126.8901895,37.47698891
2016,20160302,주간,수,1,6,1,3,1,서울,강남구,차대차,측면직각충돌,측면직각충돌,신호위반,교차로,교차로내,중형,중형,962227,1943661,127.0727055,37.49142755
2016,20160301,주간,화,1,1,0,0,0,서울,동대문구,차대사람,횡단중,횡단중,안전운전 의무 불이행,단일로,횡단보도상,경형,보행자,959889,1953575,127.04571670000001,37.58068706
2016,20160129,야간,금,1,1,0,0,0,서울,마포구,차대사람,차도통행중,차도통행중,과속,단일로,기타단일로,중형,보행자,947291,1952911,126.90309009999999,37.57406709
2016,20160203,주간,수,1,1,0,0,0,서울,성북구,차대사람,기타,기타,과속,단일로,기타단일로,소형,보행자,959322,1955434,127.0391919,37.59741779
2016,20160210,야간,수,1,4,3,0,0,서울,광진구,차대차,측면직각충돌,측면직각충돌,신호위반,교차로,교차로내,중형,중형,962601,1951739,127.07652479999999,37.56425284
2016,20160119,야간,화,1,1,0,0,0,서울,은평구,차대사람,횡단중,횡단중,안전운전 의무 불이행,단일로,횡단보도부근,대형,보행자,948814,1958512,126.9199449,37.62463514
2016,20160123,야간,토,1,1,0,0,0,서울,강동구,차대사람,횡단중,횡단중,신호위반,교차로,교차로내,대형,보행자,970962,1950933,127.1712281,37.55728964
2016,20160128,야간,목,1,1,0,0,0,서울,강서구,차대차,추돌,진행중 추돌,기타(운전자법규위반),단일로,기타단일로,소형,소형,939583,1954330,126.8156881,37.58638277
2016,20160108,야간,금,1,1,0,0,0,서울,마포구,차량단독,공작물충돌,공작물충돌,안전운전 의무 불이행,단일로,기타단일로,소형,,945186,1953397,126.87921659999999,37.57832448
2016,20160206,주간,토,1,1,0,0,0,서울,송파구,차대차,추돌,진행중 추돌,안전운전 의무 불이행,지하도로내,지하도로내,소형,중형,964678,1944886,127.10037220000001,37.50256605
2016,20160119,주간,화,1,1,0,0,0,서울,영등포구,차량단독,전도전복,전도전복,안전운전 의무 불이행,단일로,기타단일로,중형,,947184,1948494,126.9021965,37.53425013
2016,20160119,야간,화,1,3,0,2,0,서울,마포구,차대차,정면충돌,정면충돌,안전거리 미확보,단일로,기타단일로,중형,소형,947083,1950443,126.9009128,37.55181088
2016,20160125,주간,월,1,1,0,0,0,서울,노원구,차대사람,횡단중,횡단중,신호위반,교차로,교차로내,소형,보행자,963297,1957946,127.0840943,37.62022632
2016,20160124,야간,일,1,1,0,0,0,서울,관악구,차대사람,길가장자리구역통행중,길가장자리구역통행중,안전운전 의무 불이행,단일로,기타단일로,대형,보행자,952703,1942031,126.9652218,37.47630316
2016,20160116,야간,토,1,1,0,0,0,서울,동대문구,차대차,추돌,진행중 추돌,안전운전 의무 불이행,단일로,기타단일로,소형,중형,962071,1956485,127.0702778,37.60700819
2016,20160204,야간,목,1,1,0,0,0,서울,마포구,차량단독,기타,기타,안전운전 의무 불이행,교차로,교차로부근,원동기장치자전거,,948133,1951787,126.91270449999999,37.56398421
2016,20160130,야간,토,1,6,5,0,0,서울,영등포구,차대차,측면직각충돌,측면직각충돌,과속,단일로,기타단일로,중형,소형,945946,1949390,126.88811880000002,37.5422541
2016,20160205,주간,금,1,1,0,0,0,서울,관악구,차대사람,기타,기타,안전운전 의무 불이행,교차로,교차로부근,소형,보행자,948386,1941977,126.9162584,37.47557926
2016,20160205,야간,금,1,1,0,0,0,서울,은평구,차대사람,기타,기타,보행자 보호의무 위반,교차로,교차로내,대형,보행자,947950,1957377,126.91023510000001,37.61435684
2016,20160120,야간,수,1,1,0,0,0,서울,중구,차대사람,횡단중,횡단중,안전운전 의무 불이행,단일로,기타단일로,중형,보행자,953362,1950773,126.9722753,37.55493928
2016,20160122,주간,금,1,1,0,0,0,서울,금천구,차대사람,횡단중,횡단중,안전운전 의무 불이행,교차로,교차로내,소형,보행자,946329,1942017,126.8929925,37.47582257
2016,20160206,주간,토,1,1,0,0,0,서울,은평구,차대사람,횡단중,횡단중,안전운전 의무 불이행,교차로,교차로부근,대형,보행자,949800,1956742,126.9312396,37.60873645
2016,20160210,야간,수,1,1,0,0,0,서울,동대문구,차대사람,길가장자리구역통행중,길가장자리구역통행중,안전운전 의무 불이행,단일로,기타단일로,중형,보행자,959277,1953133,127.0388101,37.57667633
2016,20161105,주간,토,1,1,0,0,0,서울,강서구,차대사람,횡단중,횡단중,안전운전 의무 불이행,교차로,교차로부근,소형,보행자,944906,1950158,126.8762892,37.54911454
2016,20161216,야간,금,1,1,0,0,0,서울,송파구,차대사람,횡단중,횡단중,안전운전 의무 불이행,단일로,횡단보도상,중형,보행자,966136,1943977,127.11690929999999,37.49442746
2016,20161109,야간,수,1,2,0,1,0,서울,관악구,차대사람,기타,기타,안전운전 의무 불이행,단일로,기타단일로,중형,보행자,951405,1942618,126.95035870000001,37.48152052
2016,20161218,주간,일,1,1,0,0,0,서울,강동구,차대사람,기타,기타,안전운전 의무 불이행,단일로,기타단일로,소형,보행자,968694,1946999,127.14571770000002,37.52175649
2016,20161105,주간,토,1,1,0,0,0,서울,동대문구,차량단독,전도전복,전도전복,안전운전 의무 불이행,단일로,기타단일로,소형,,961632,1954729,127.0653963,37.591162700000005
2016,20161028,주간,금,1,1,0,0,0,서울,용산구,차대사람,횡단중,횡단중,안전운전 의무 불이행,교차로,교차로내,중형,보행자,952399,1949038,126.96118519999999,37.53943736
2016,20161006,야간,목,1,2,0,1,0,서울,구로구,차대차,정면충돌,정면충돌,중앙선 침범,단일로,기타단일로,소형,경형,940713,1944426,126.8292864,37.49719169
2016,20160918,주간,일,1,3,2,0,0,서울,중구,차대차,측면직각충돌,측면직각충돌,안전거리 미확보,교차로,교차로부근,대형,중형,953127,1951258,126.96928359999998,37.55948398
2016,20160905,주간,월,1,1,0,0,0,서울,중구,차대사람,횡단중,횡단중,안전운전 의무 불이행,단일로,기타단일로,건설기계,보행자,953770,1951742,126.9765331,37.56387887
2016,20161018,주간,화,1,1,0,0,0,서울,광진구,차대사람,횡단중,횡단중,안전운전 의무 불이행,단일로,기타단일로,소형,보행자,963430,1948728,127.0860616,37.53714693
2016,20160930,주간,금,1,1,0,0,0,서울,금천구,차대차,측면직각충돌,측면직각충돌,안전거리 미확보,단일로,기타단일로,소형,대형,946756,1941211,126.8979596,37.46878224
2016,20161005,주간,수,1,1,0,0,0,서울,광진구,차대사람,횡단중,횡단중,보행자 보호의무 위반,교차로,교차로내,중형,보행자,962319,1948626,127.0734916,37.53618281
2016,20161020,야간,목,1,1,0,0,0,서울,중구,차대사람,횡단중,횡단중,안전운전 의무 불이행,교차로,교차로부근,중형,보행자,956561,1951079,127.00817409999999,37.55803898
2016,20161028,야간,금,1,1,0,0,0,서울,중랑구,차대사람,횡단중,횡단중,보행자 보호의무 위반,교차로,교차로부근,중형,보행자,962884,1955045,127.07956159999999,37.59406226
2016,20161005,주간,수,1,1,0,0,0,서울,노원구,차대사람,횡단중,횡단중,안전운전 의무 불이행,교차로,교차로부근,중형,보행자,960635,1964394,127.05358249999999,37.67823303