발생년,발생년월일시,주야,요일,사망자수,사상자수,중상자수,경상자수,부상신고자수,발생지시도,발생지시군구,사고유형_대분류,사고유형_중분류,사고유형,법규위반,도로형태_대분류,도로형태,가해자_당사자종별,피해자_당사자종별,발생위치X_UTMK,발생위치Y_UTMK,경도,위도
2016,20161114,야간,월,1,1,0,0,0,서울,동대문구,차대사람,횡단중,횡단중,안전운전 의무 불이행,단일로,기타단일로,경형,보행자,960648,1953780,127.05430159999999,37.58256755
2016,20160922,주간,목,1,1,0,0,0,서울,서초구,차대사람,기타,기타,안전운전 의무 불이행,단일로,기타단일로,대형,보행자,957592,1943543,127.02028200000001,37.490162700000006
2016,20160920,주간,화,1,1,0,0,0,서울,금천구,차대사람,기타,기타,안전운전 의무 불이행,교차로,교차로부근,중형,보행자,947157,1940990,126.90243020000001,37.46661373
2016,20160901,야간,목,1,2,0,0,1,서울,동대문구,차대차,추돌,진행중 추돌,안전거리 미확보,단일로,기타단일로,자전거,자전거,958300,1953007,127.0277531,37.57549691
2016,20161020,야간,목,1,1,0,0,0,서울,서대문구,차대사람,차도통행중,차도통행중,안전운전 의무 불이행,교차로,교차로내,소형,보행자,948036,1953683,126.91147179999999,37.58106754
2016,20161018,주간,화,1,1,0,0,0,서울,용산구,차대사람,횡단중,횡단중,안전운전 의무 불이행,교차로,교차로내,중형,보행자,955952,1948373,127.0014415,37.53362019
2016,20161023,야간,일,1,1,0,0,0,서울,성동구,차대사람,횡단중,횡단중,과속,단일로,기타단일로,중형,보행자,958155,1951900,127.02521170000001,37.56498241
2016,20161008,주간,토,1,1,0,0,0,서울,서대문구,차대사람,횡단중,횡단중,안전운전 의무 불이행,단일로,기타단일로,대형,보행자,949128,1952038,126.92395309999999,37.56630201
2016,20161024,주간,월,1,1,0,0,0,서울,강서구,차대사람,횡단중,횡단중,안전운전 의무 불이행,단일로,기타단일로,경형,보행자,944363,1950610,126.870108,37.55315581
2016,20161027,주간,목,1,1,0,0,0,서울,금천구,차대사람,횡단중,횡단중,안전운전 의무 불이행,단일로,기타단일로,경형,보행자,946752,1942258,126.8977376,37.47798757
2016,20160923,야간,금,1,4,0,2,1,서울,서대문구,차대사람,횡단중,횡단중,과속,단일로,기타단일로,중형,보행자,949655,1951783,126.9299378,37.56403263
2016,20161010,야간,월,1,1,0,0,0,서울,도봉구,차대차,측면직각충돌,측면직각충돌,신호위반,교차로,교차로내,원동기장치자전거,중형,960734,1960792,127.054899,37.64577192
2016,20161020,주간,목,1,1,0,0,0,서울,동작구,차대사람,횡단중,횡단중,보행자 보호의무 위반,교차로,교차로부근,소형,보행자,950482,1945357,126.9373967,37.50476318
2016,20161024,야간,월,1,1,0,0,0,서울,금천구,차대차,측면직각충돌,측면직각충돌,신호위반,교차로,교차로내,중형,자전거,946025,1940008,126.8897017,37.45769733
2016,20161004,야간,화,1,1,0,0,0,서울,강남구,차대차,기타,기타,신호위반,교차로,교차로내,중형,중형,958811,1947010,127.03387659999999,37.521467200000004
2016,20160929,야간,목,1,2,0,1,0,서울,은평구,차대차,기타,기타,부당한 회전,교차로,교차로내,자전거,중형,948422,1955664,126.9157037,37.59894412
2016,20160927,야간,화,1,1,0,0,0,서울,용산구,차대사람,횡단중,횡단중,안전운전 의무 불이행,단일로,횡단보도상,중형,보행자,953094,1950618,126.96895090000001,37.55371386
2016,20160928,야간,수,1,1,0,0,0,서울,강동구,차대사람,횡단중,횡단중,안전운전 의무 불이행,단일로,기타단일로,중형,보행자,967912,1947789,127.13683370000001,37.52885024
2016,20161004,야간,화,1,1,0,0,0,서울,서초구,차대사람,횡단중,횡단중,안전운전 의무 불이행,단일로,기타단일로,중형,보행자,957354,1943006,127.01762099999999,37.48531156
2016,20160928,야간,수,1,1,0,0,0,서울,구로구,차대사람,횡단중,횡단중,안전운전 의무 불이행,교차로,교차로부근,중형,보행자,943065,1943791,126.85594209999998,37.49161644
2016,20161008,야간,토,1,1,0,0,0,서울,강동구,차대차,기타,기타,신호위반,교차로,교차로내,중형,원동기장치자전거,968585,1950653,127.1443278,37.55468788
2016,20161003,야간,월,1,1,0,0,0,서울,관악구,차대사람,길가장자리구역통행중,길가장자리구역통행중,안전운전 의무 불이행,단일로,기타단일로,중형,보행자,951161,1942640,126.94780690000002,37.4816907
2016,20161002,야간,일,1,1,0,0,0,서울,영등포구,차대사람,기타,기타,안전운전 의무 불이행,단일로,기타단일로,중형,보행자,947380,1946361,126.90456770000002,37.51503631
2016,20161003,야간,월,1,1,0,0,0,서울,은평구,차대차,측면직각충돌,측면직각충돌,안전운전 의무 불이행,교차로,교차로내,자전거,소형,948463,1956799,126.9160882,37.60917622
2016,20160916,야간,금,1,1,0,0,0,서울,동작구,차대차,기타,기타,부당한 회전,교차로,교차로내,자전거,중형,949230,1946077,126.92552040000001,37.51258024
2016,20161219,주간,월,1,2,0,0,1,서울,송파구,차대차,정면충돌,정면충돌,신호위반,교차로,교차로내,소형,중형,967120,1944810,127.1280034,37.50197126
2016,20160730,야간,토,1,1,0,0,0,서울,영등포구,차대사람,횡단중,횡단중,안전운전 의무 불이행,단일로,기타단일로,중형,보행자,947533,1944637,126.90601409999998,37.49957638
2016,20160927,주간,화,1,1,0,0,0,서울,성동구,차대사람,횡단중,횡단중,안전운전 의무 불이행,단일로,기타단일로,경형,보행자,957560,1950040,127.0195447,37.54872077
2016,20160102,주간,토,1,1,0,0,0,서울,강서구,차대차,측면직각충돌,측면직각충돌,신호위반,교차로,교차로내,소형,대형,942086,1951145,126.8445032,37.55799275
2016,20160107,야간,목,1,1,0,0,0,서울,양천구,차대차,측면직각충돌,측면직각충돌,신호위반,교차로,교차로부근,자전거,자전거,944324,1947670,126.8698895,37.52665506
2016,20161127,주간,일,1,2,0,0,1,서울,서초구,차대차,추돌,진행중 추돌,안전운전 의무 불이행,단일로,기타단일로,중형,소형,960482,1939017,127.04675139999999,37.45652739
2016,20161014,야간,금,1,1,0,0,0,서울,성북구,차대사람,기타,기타,안전운전 의무 불이행,단일로,기타단일로,중형,보행자,958648,1956355,127.03150490000002,37.6056889
2016,20161024,야간,월,1,1,0,0,0,서울,도봉구,차대사람,차도통행중,차도통행중,안전운전 의무 불이행,교차로,교차로부근,소형,보행자,959882,1961546,127.0452,37.65253101
2016,20161003,야간,월,1,1,0,0,0,서울,영등포구,차대사람,차도통행중,차도통행중,안전운전 의무 불이행,단일로,기타단일로,경형,보행자,945862,1949597,126.88698640000001,37.54465302
2016,20160924,야간,토,1,1,0,0,0,서울,마포구,차대차,정면충돌,정면충돌,신호위반,교차로,교차로내,경형,소형,950702,1949987,126.9419133,37.54790165
2016,20160923,주간,금,1,1,0,0,0,서울,중랑구,차대사람,차도통행중,차도통행중,안전운전 의무 불이행,단일로,기타단일로,소형,보행자,965063,1955759,127.10421000000001,37.6005831
2016,20160904,야간,일,1,1,0,0,0,서울,금천구,차대사람,기타,기타,안전운전 의무 불이행,교차로,교차로내,중형,보행자,947792,1939212,126.90973659999999,37.45062426
2016,20161221,야간,수,1,1,0,0,0,서울,종로구,차대사람,차도통행중,차도통행중,안전운전 의무 불이행,단일로,기타단일로,중형,보행자,952405,1956316,126.9607804,37.60503542
2016,20160721,야간,목,1,1,0,0,0,서울,강북구,차대사람,기타,기타,안전운전 의무 불이행,기타/불명,기타/불명,소형,보행자,958128,1960335,127.0253857,37.64153777
2016,20160107,주간,목,1,1,0,0,0,서울,동대문구,차대사람,횡단중,횡단중,안전운전 의무 불이행,단일로,기타단일로,소형,보행자,958488,1953577,127.0298498,37.58064296
2016,20160112,주간,화,1,1,0,0,0,서울,동작구,차대사람,횡단중,횡단중,안전운전 의무 불이행,단일로,기타단일로,소형,보행자,950493,1945431,126.9398545,37.50682634
2016,20160131,주간,일,1,1,0,0,0,서울,구로구,차대차,기타,기타,중앙선 침범,단일로,기타단일로,자전거,중형,940226,1942633,126.823923,37.48099988
2016,20160206,주간,토,1,1,0,0,0,서울,동작구,차대차,기타,기타,안전운전 의무 불이행,단일로,기타단일로,원동기장치자전거,중형,950519,1945666,126.9402351,37.50888594
2016,20161126,주간,토,1,4,2,1,0,서울,강동구,차대차,기타,기타,안전운전 의무 불이행,단일로,기타단일로,대형,소형,966543,1949014,127.1212841,37.53984301
2016,20161225,주간,일,1,1,0,0,0,서울,관악구,차대사람,기타,기타,안전운전 의무 불이행,교차로,교차로부근,중형,보행자,947130,1942649,126.9020057,37.481565100000005
2016,20160424,주간,일,1,2,1,0,0,서울,강북구,차대차,측면직각충돌,측면직각충돌,신호위반,교차로,교차로내,중형,원동기장치자전거,958356,1958142,127.028095,37.62178228
2016,20161118,주간,금,1,2,0,1,0,서울,송파구,차대사람,횡단중,횡단중,보행자 보호의무 위반,단일로,횡단보도상,소형,보행자,967034,1943214,127.12710200000001,37.48758267
2016,20161030,주간,일,1,1,0,0,0,서울,금천구,차대차,측면직각충돌,측면직각충돌,신호위반,교차로,교차로내,중형,소형,946711,1939556,126.8974906,37.45366314
2016,20161216,야간,금,1,1,0,0,0,서울,광진구,차량단독,전도전복,전도전복,안전운전 의무 불이행,단일로,기타단일로,소형,,962765,1952086,127.07836409999999,37.567387100000005
2016,20160211,야간,목,1,1,0,0,0,서울,종로구,차대사람,횡단중,횡단중,안전운전 의무 불이행,단일로,기타단일로,대형,보행자,954513,1952433,126.984903,37.57014399
2016,20161224,야간,토,1,1,0,0,0,서울,종로구,차대사람,기타,기타,안전운전 의무 불이행,교차로,교차로부근,중형,보행자,954908,1952462,126.989374,37.57042481
2016,20161204,야간,일,1,3,2,0,0,서울,서대문구,차대차,기타,기타,신호위반,교차로,교차로내,원동기장치자전거,경형,950213,1953749,126.9359558,37.58192527
2016,20160429,야간,금,1,1,0,0,0,서울,양천구,차대사람,횡단중,횡단중,과속,단일로,기타단일로,대형,보행자,943777,1948440,126.8636403,37.53356193
2016,20161128,주간,월,1,1,0,0,0,서울,양천구,차대차,추돌,진행중 추돌,중앙선 침범,교차로,교차로내,자전거,중형,944543,1946924,126.87242420000001,37.51994449
2016,20161201,야간,목,1,1,0,0,0,서울,은평구,차대사람,횡단중,횡단중,안전운전 의무 불이행,교차로,교차로부근,소형,보행자,948375,1957804,126.9150202,37.61822937
2016,20160304,야간,금,1,1,0,0,0,서울,서초구,차대사람,횡단중,횡단중,안전운전 의무 불이행,단일로,기타단일로,중형,보행자,960815,1940012,127.05692739999999,37.45847867
2016,20160123,주간,토,1,1,0,0,0,서울,관악구,차대사람,차도통행중,차도통행중,안전운전 의무 불이행,단일로,기타단일로,중형,보행자,950415,1943140,126.93912649999999,37.48617282
2016,20160129,야간,금,1,1,0,0,0,서울,강서구,차대사람,차도통행중,차도통행중,안전운전 의무 불이행,단일로,기타단일로,대형,보행자,939223,1951550,126.8119866,37.56128421
2016,20160203,야간,수,1,1,0,0,0,서울,도봉구,차대사람,차도통행중,차도통행중,안전운전 의무 불이행,단일로,횡단보도상,중형,보행자,959793,1963808,127.0440664,37.67291482
2016,20161129,주간,화,1,1,0,0,0,서울,서대문구,차대사람,횡단중,횡단중,안전운전 의무 불이행,단일로,횡단보도부근,건설기계,보행자,949644,1951961,126.929801,37.56563636
2016,20161230,야간,금,1,1,0,0,0,서울,광진구,차대차,정면충돌,정면충돌,중앙선 침범,단일로,기타단일로,원동기장치자전거,중형,963179,1949064,127.0832037,37.54016542
2016,20161007,야간,금,1,2,1,0,0,서울,서초구,차대차,기타,기타,안전운전 의무 불이행,단일로,기타단일로,중형,중형,959830,1939882,127.04579720000001,37.45726464
2016,20161230,야간,금,1,1,0,0,0,서울,도봉구,차대사람,횡단중,횡단중,과속,단일로,기타단일로,중형,보행자,959921,1965617,127.0454183,37.68922512
2016,20161127,야간,일,1,1,0,0,0,서울,동대문구,차대사람,횡단중,횡단중,안전운전 의무 불이행,단일로,횡단보도상,대형,보행자,960889,1954444,127.05699560000001,37.58856263
2016,20161202,야간,금,1,1,0,0,0,서울,마포구,차대차,정면충돌,정면충돌,중앙선 침범,교차로,교차로부근,경형,대형,945440,1953949,126.882052,37.58331476
2016,20161223,야간,금,1,1,0,0,0,서울,송파구,차대사람,횡단중,횡단중,안전운전 의무 불이행,교차로,교차로내,대형,보행자,966117,1943682,127.1186118,37.49242113
2016,20161223,야간,금,2,4,1,1,0,서울,관악구,차대차,정면충돌,정면충돌,중앙선 침범,단일로,기타단일로,대형,원동기장치자전거,949509,1942381,126.92893090000001,37.47928267
2016,20161130,주간,수,1,1,0,0,0,서울,서초구,차대차,추돌,진행중 추돌,안전거리 미확보,지하도로내,지하도로내,경형,건설기계,955750,1944704,126.99937620000001,37.50054073
2016,20161230,야간,금,1,1,0,0,0,서울,동작구,차대사람,횡단중,횡단중,안전운전 의무 불이행,교차로,교차로내,중형,보행자,950532,1946181,126.9402453,37.51358835
2016,20160902,야간,금,1,1,0,0,0,서울,동대문구,차대사람,횡단중,횡단중,안전운전 의무 불이행,교차로,교차로내,경형,보행자,961401,1952127,127.0629169,37.56770048
2016,20160823,야간,화,1,2,0,1,0,서울,성동구,차대차,정면충돌,정면충돌,신호위반,교차로,교차로내,원동기장치자전거,소형,958058,1950443,127.02515929999998,37.55237593
2016,20161111,야간,금,1,2,1,0,0,서울,성동구,차대사람,보도통행중,보도통행중,중앙선 침범,단일로,횡단보도상,경형,보행자,961629,1949977,127.06583619999999,37.54874863
2016,20160114,야간,목,1,1,0,0,0,서울,서대문구,차대사람,길가장자리구역통행중,길가장자리구역통행중,안전운전 의무 불이행,단일로,기타단일로,중형,보행자,952823,1951181,126.9658467,37.55877445
2016,20160116,주간,토,1,1,0,0,0,서울,도봉구,차대사람,횡단중,횡단중,안전운전 의무 불이행,단일로,기타단일로,경형,보행자,959693,1963063,127.04292520000001,37.66614048
2016,20160127,야간,수,1,2,0,1,0,서울,강북구,차대차,추돌,진행중 추돌,안전운전 의무 불이행,교차로,교차로부근,중형,대형,957091,1959488,127.01368159999998,37.63385578
2016,20160911,야간,일,1,1,0,0,0,서울,강북구,차대사람,기타,기타,안전운전 의무 불이행,단일로,기타단일로,대형,보행자,958328,1958178,127.02777569999999,37.62210549
2016,20161107,주간,월,1,1,0,0,0,서울,강북구,차대차,측면직각충돌,측면직각충돌,안전운전 의무 불이행,교차로,교차로내,자전거,경형,959553,1959139,127.0416304,37.63071744
2016,20160703,야간,일,1,1,0,0,0,서울,성북구,차대사람,횡단중,횡단중,안전운전 의무 불이행,단일로,기타단일로,중형,보행자,958667,1954096,127.0318477,37.58532889
2016,20160428,주간,목,1,1,0,0,0,서울,은평구,차대차,기타,기타,신호위반,교차로,교차로부근,소형,자전거,948376,1960565,126.91483649999999,37.64311431
2016,20160211,주간,목,1,1,0,0,0,서울,강동구,차대차,측면직각충돌,측면직각충돌,신호위반,교차로,교차로내,소형,중형,968519,1946491,127.1437591,37.5171717
2016,20160729,야간,금,1,3,1,1,0,서울,강남구,차대차,측면직각충돌,측면직각충돌,신호위반,교차로,교차로내,중형,중형,965174,1941892,127.1061254,37.47559857
2016,20161214,야간,수,1,3,1,1,0,서울,강남구,차대차,측면직각충돌,측면직각충돌,신호위반,교차로,교차로내,소형,중형,961758,1944720,127.0673452,37.50095345
2016,20161220,주간,화,1,1,0,0,0,서울,구로구,차대차,기타,기타,안전운전 의무 불이행,단일로,기타단일로,자전거,소형,944114,1944363,126.8677645,37.49683604
2016,20161031,주간,월,1,5,3,1,0,서울,강남구,차대차,정면충돌,정면충돌,신호위반,교차로,교차로내,대형,중형,961761,1944729,127.0673787,37.50103469
2016,20161030,야간,일,1,2,1,0,0,서울,중구,차대사람,횡단중,횡단중,안전운전 의무 불이행,단일로,기타단일로,대형,보행자,956644,1951243,127.0091041,37.55952106
2016,20161105,야간,토,1,1,0,0,0,서울,마포구,차대차,정면충돌,정면충돌,신호위반,교차로,교차로내,소형,중형,945952,1953561,126.88787920000001,37.57984792
2016,20160926,주간,월,1,1,0,0,0,서울,종로구,차대사람,차도통행중,차도통행중,안전운전 의무 불이행,교차로,교차로내,대형,보행자,957230,1952873,127.0156437,37.57424005
2016,20161209,야간,금,1,1,0,0,0,서울,종로구,차대사람,횡단중,횡단중,안전운전 의무 불이행,단일로,기타단일로,건설기계,보행자,953649,1953051,126.9748821,37.57566926
2016,20161030,주간,일,2,2,0,0,0,서울,영등포구,차대차,정면충돌,정면충돌,중앙선 침범,단일로,기타단일로,중형,중형,946513,1945054,126.89485259999998,37.50320626
2016,20161108,야간,화,1,1,0,0,0,서울,노원구,차대차,정면충돌,정면충돌,신호위반,교차로,교차로내,중형,중형,962022,1961150,127.06948020000002,37.64905282
2016,20161105,주간,토,1,3,0,2,0,서울,영등포구,차대차,추돌,진행중 추돌,안전거리 미확보,기타/불명,기타/불명,중형,중형,947162,1945307,126.90170970000001,37.50634275
2016,20161212,야간,월,2,4,2,0,0,서울,동작구,차대차,추돌,진행중 추돌,안전운전 의무 불이행,단일로,기타단일로,중형,중형,950513,1946541,126.94000600000001,37.51683208
2016,20161020,야간,목,1,8,0,2,5,서울,중구,차대차,추돌,진행중 추돌,안전운전 의무 불이행,단일로,터널안,경형,경형,955225,1950811,126.9930645,37.55555946
2016,20160903,야간,토,1,1,0,0,0,서울,광진구,차대사람,횡단중,횡단중,안전운전 의무 불이행,단일로,기타단일로,대형,보행자,963461,1948058,127.08644579999999,37.53110919
2016,20161012,야간,수,1,1,0,0,0,서울,중랑구,차대사람,차도통행중,차도통행중,안전운전 의무 불이행,단일로,기타단일로,소형,보행자,964747,1956463,127.10059629999999,37.606916399999996
2016,20161014,주간,금,1,4,0,2,1,서울,강남구,차대차,측면직각충돌,측면직각충돌,중앙선 침범,단일로,교량위,대형,중형,960850,1946844,127.05695959999998,37.5200598
2016,20161007,야간,금,1,1,0,0,0,서울,서대문구,차대사람,기타,기타,안전운전 의무 불이행,단일로,횡단보도부근,중형,보행자,951032,1954421,126.9453527,37.58788351
2016,20160831,야간,수,1,1,0,0,0,서울,서초구,차대차,기타,기타,안전운전 의무 불이행,단일로,기타단일로,소형,불명,956891,1942667,127.01240390000001,37.48223453
2016,20161008,야간,토,1,1,0,0,0,서울,중구,차대사람,횡단중,횡단중,안전운전 의무 불이행,단일로,기타단일로,대형,보행자,957489,1951903,127.0185886,37.56571092
2016,20161119,주간,토,1,1,0,0,0,서울,송파구,차대사람,기타,기타,안전운전 의무 불이행,단일로,기타단일로,건설기계,보행자,962971,1945239,127.08104209999999,37.50568087
2016,20161119,야간,토,1,1,0,0,0,서울,중구,차대사람,기타,기타,안전운전 의무 불이행,단일로,기타단일로,중형,보행자,955389,1951456,126.99488190000001,37.56138094
2016,20161125,주간,금,1,1,0,0,0,서울,도봉구,차대차,기타,기타,안전운전 의무 불이행,교차로,교차로내,건설기계,자전거,959194,1959924,127.0374913,37.63788135
2016,20161030,야간,일,1,1,0,0,0,서울,서초구,차대사람,차도통행중,차도통행중,안전운전 의무 불이행,단일로,기타단일로,대형,보행자,959230,1942058,127.03889270000002,37.47685159
2016,20161220,주간,화,1,1,0,0,0,서울,중구,차대사람,횡단중,횡단중,안전운전 의무 불이행,단일로,기타단일로,소형,보행자,953535,1951656,126.9738777,37.56309191
2016,20160206,야간,토,1,1,0,0,0,서울,관악구,차대차,추돌,진행중 추돌,중앙선 침범,교차로,교차로부근,소형,소형,948815,1943556,126.92312439999999,37.48984992
2016,20160204,주간,목,1,1,0,0,0,서울,관악구,차대사람,보도통행중,보도통행중,안전운전 의무 불이행,교차로,교차로부근,소형,보행자,952761,1941772,126.96574960000001,37.47396561
2016,20160106,주간,수,1,3,0,2,0,서울,영등포구,차대차,측면직각충돌,측면직각충돌,안전운전 의무 불이행,단일로,기타단일로,중형,소형,946576,1949361,126.895252,37.54202946
2016,20160110,야간,일,1,1,0,0,0,서울,서초구,차대사람,기타,기타,안전운전 의무 불이행,단일로,기타단일로,중형,보행자,961053,1939880,127.0596254,37.45729896
2016,20160125,야간,월,1,1,0,0,0,서울,서대문구,차대사람,기타,기타,신호위반,단일로,기타단일로,원동기장치자전거,보행자,950107,1951211,126.9350945,37.55890171
2016,20160123,야간,토,1,1,0,0,0,서울,영등포구,차대사람,횡단중,횡단중,안전운전 의무 불이행,단일로,횡단보도상,중형,보행자,947124,1947616,126.9014625,37.52638665
2016,20160211,주간,목,1,2,0,1,0,서울,성북구,차대차,측면직각충돌,측면직각충돌,신호위반,교차로,교차로내,원동기장치자전거,중형,957563,1955995,127.01901880000001,37.60252453
2016,20160112,야간,화,1,1,0,0,0,서울,구로구,차대사람,기타,기타,안전운전 의무 불이행,지하도로내,지하도로내,중형,보행자,945739,1945394,126.886071,37.50622555
2016,20161223,야간,금,1,1,0,0,0,서울,강동구,차대사람,기타,기타,안전운전 의무 불이행,단일로,기타단일로,중형,보행자,971876,1949454,127.1816331,37.54398711
2016,20160109,야간,토,1,1,0,0,0,서울,서초구,차대사람,기타,기타,보행자 보호의무 위반,교차로,교차로부근,중형,보행자,956186,1942705,127.00442779999999,37.48254387